UF,Cidade,Link_Cidade
MG,Belo Horizonte,https://www.quintoandar.com.br/regioes-atendidas/belo-horizonte-mg-brasil-ed51ux17km
MG,Betim,https://www.quintoandar.com.br/regioes-atendidas/betim-mg-brasil-ndv4um1od5
MG,Contagem,https://www.quintoandar.com.br/regioes-atendidas/contagem-mg-brasil-6kngu1j1p2
MG,Nova Lima,https://www.quintoandar.com.br/regioes-atendidas/nova-lima-mg-brasil-9pm6u56wdn
MG,Uberlandia,https://www.quintoandar.com.br/regioes-atendidas/uberlandia-mg-brasil-wdw1u143kn
RJ,Belford Roxo,https://www.quintoandar.com.br/regioes-atendidas/belford-roxo-rj-brasil-ed51u4e3km
RJ,Duque De Caxias,https://www.quintoandar.com.br/regioes-atendidas/duque-de-caxias-rj-brasil-rdy6uq08k1
RJ,Mesquita,https://www.quintoandar.com.br/regioes-atendidas/mesquita-rj-brasil-9p6nue2ndr
RJ,Nilopolis,https://www.quintoandar.com.br/regioes-atendidas/nilopolis-rj-brasil-2drxumold5
RJ,Niteroi,https://www.quintoandar.com.br/regioes-atendidas/niteroi-rj-brasil-3keeuwo9kq
RJ,Nova Iguacu,https://www.quintoandar.com.br/regioes-atendidas/nova-iguacu-rj-brasil-9d36u6g5d6
RJ,Rio De Janeiro,https://www.quintoandar.com.br/regioes-atendidas/rio-de-janeiro-rj-brasil-rdy6u9x7k1
RJ,Sao Goncalo,https://www.quintoandar.com.br/regioes-atendidas/sao-goncalo-rj-brasil-jpq1ue82d7
SP,Americana,https://www.quintoandar.com.br/regioes-atendidas/americana-sp-brasil-9p6nu691dr
SP,Barueri,https://www.quintoandar.com.br/regioes-atendidas/barueri-sp-brasil-2drxurlld5
SP,Campinas,https://www.quintoandar.com.br/regioes-atendidas/campinas-sp-brasil-o9p1eu0kx1
SP,Carapicuiba,https://www.quintoandar.com.br/regioes-atendidas/carapicuiba-sp-brasil-rp00uyjwpq
SP,Cotia,https://www.quintoandar.com.br/regioes-atendidas/cotia-sp-brasil-7kg5u33qd2
SP,Diadema,https://www.quintoandar.com.br/regioes-atendidas/diadema-sp-brasil-9pm6uj33dn
SP,Embu Das Artes,https://www.quintoandar.com.br/regioes-atendidas/embu-das-artes-sp-brasil-2drxum3vd5
SP,Ferraz De Vasconcelos,https://www.quintoandar.com.br/regioes-atendidas/ferraz-de-vasconcelos-sp-brasil-9pm6uw9edn
SP,Guaruja,https://www.quintoandar.com.br/regioes-atendidas/guaruja-sp-brasil-1d49ujr3kw
SP,Guarulhos,https://www.quintoandar.com.br/regioes-atendidas/guarulhos-sp-brasil-ek9xu0x9ko
SP,Hortolandia,https://www.quintoandar.com.br/regioes-atendidas/hortolandia-sp-brasil-rp00uyyypq
SP,Indaiatuba,https://www.quintoandar.com.br/regioes-atendidas/indaiatuba-sp-brasil-7kg5u28rd2
SP,Itaquaquecetuba,https://www.quintoandar.com.br/regioes-atendidas/itaquaquecetuba-sp-brasil-9p1eu3j4kx
SP,Jacarei,https://www.quintoandar.com.br/regioes-atendidas/jacarei-sp-brasil-4px2uvo1de
SP,Jundiai,https://www.quintoandar.com.br/regioes-atendidas/jundiai-sp-brasil-rdy6u9n2k1
SP,Maua,https://www.quintoandar.com.br/regioes-atendidas/maua-sp-brasil-vk8wugw1kq
SP,Mogi Das Cruzes,https://www.quintoandar.com.br/regioes-atendidas/mogi-das-cruzes-sp-brasil-7kg5u7mgd2
SP,Osasco,https://www.quintoandar.com.br/regioes-atendidas/osasco-sp-brasil-vk8wux4rkq
SP,Paulinia,https://www.quintoandar.com.br/regioes-atendidas/paulinia-sp-brasil-7kg5u24md2
SP,Poa,https://www.quintoandar.com.br/regioes-atendidas/poa-sp-brasil-ed51u4j8km
SP,Praia Grande,https://www.quintoandar.com.br/regioes-atendidas/praia-grande-sp-brasil-wdw1ujv8kn
SP,Ribeirao Pires,https://www.quintoandar.com.br/regioes-atendidas/ribeirao-pires-sp-brasil-7kg5uz65d2
SP,Ribeirao Preto,https://www.quintoandar.com.br/regioes-atendidas/ribeirao-preto-sp-brasil-9d36uyeod6
SP,Santana De Parnaiba,https://www.quintoandar.com.br/regioes-atendidas/santana-de-parnaiba-sp-brasil-1d49uo54kw
SP,Santo Andre,https://www.quintoandar.com.br/regioes-atendidas/santo-andre-sp-brasil-1d49u9y1kw
SP,Santos,https://www.quintoandar.com.br/regioes-atendidas/santos-sp-brasil-vk8wueqnkq
SP,Sao Bernardo Do Campo,https://www.quintoandar.com.br/regioes-atendidas/sao-bernardo-do-campo-sp-brasil-ed51ux48km
SP,Sao Caetano Do Sul,https://www.quintoandar.com.br/regioes-atendidas/sao-caetano-do-sul-sp-brasil-ek9xu029ko
SP,Sao Jose Dos Campos,https://www.quintoandar.com.br/regioes-atendidas/sao-jose-dos-campos-sp-brasil-wdw1ug2lkn
SP,Sao Paulo,https://www.quintoandar.com.br/regioes-atendidas/sao-paulo-sp-brasil-41d49u4ekw
SP,Sao Vicente,https://www.quintoandar.com.br/regioes-atendidas/sao-vicente-sp-brasil-vk8wu537kq
SP,Sorocaba,https://www.quintoandar.com.br/regioes-atendidas/sorocaba-sp-brasil-9p1euq1vkx
SP,Sumare,https://www.quintoandar.com.br/regioes-atendidas/sumare-sp-brasil-9dznu23xdz
SP,Suzano,https://www.quintoandar.com.br/regioes-atendidas/suzano-sp-brasil-jdj6u5ewk5
SP,Taboao Da Serra,https://www.quintoandar.com.br/regioes-atendidas/taboao-da-serra-sp-brasil-9d36u7yed6
SP,Taubate,https://www.quintoandar.com.br/regioes-atendidas/taubate-sp-brasil-ed51ur93km
SP,Valinhos,https://www.quintoandar.com.br/regioes-atendidas/valinhos-sp-brasil-wk2quy57k6
SP,Varzea Paulista,https://www.quintoandar.com.br/regioes-atendidas/varzea-paulista-sp-brasil-rp00uex0pq
SP,Vinhedo,https://www.quintoandar.com.br/regioes-atendidas/vinhedo-sp-brasil-jpq1uened7
SP,Votorantim,https://www.quintoandar.com.br/regioes-atendidas/votorantim-sp-brasil-9pm6un24dn
PR,Curitiba,https://www.quintoandar.com.br/regioes-atendidas/curitiba-pr-brasil-6knguqmzp2
PR,Pinhais,https://www.quintoandar.com.br/regioes-atendidas/pinhais-pr-brasil-3keeu4oekq
PR,Sao Jose Dos Pinhais,https://www.quintoandar.com.br/regioes-atendidas/sao-jose-dos-pinhais-pr-brasil-9pm6ul0xdn
RS,Alvorada,https://www.quintoandar.com.br/regioes-atendidas/alvorada-rs-brasil-ek9xuxl1ko
RS,Canoas,https://www.quintoandar.com.br/regioes-atendidas/canoas-rs-brasil-9d36umx6d6
RS,Gravatai,https://www.quintoandar.com.br/regioes-atendidas/gravatai-rs-brasil-rdy6urjxk1
RS,Novo Hamburgo,https://www.quintoandar.com.br/regioes-atendidas/novo-hamburgo-rs-brasil-rdy6uyejk1
RS,Porto Alegre,https://www.quintoandar.com.br/regioes-atendidas/porto-alegre-rs-brasil-jdj6u9g0k5
RS,Sao Leopoldo,https://www.quintoandar.com.br/regioes-atendidas/sao-leopoldo-rs-brasil-0d79u2v5kj
RS,Viamao,https://www.quintoandar.com.br/regioes-atendidas/viamao-rs-brasil-3keeu8x1kq
SC,Florianopolis,https://www.quintoandar.com.br/regioes-atendidas/florianopolis-sc-brasil-vk8wum01kq
SC,Sao Jose,https://www.quintoandar.com.br/regioes-atendidas/sao-jose-sc-brasil-rdy6uyxwk1
BA,Salvador,https://www.quintoandar.com.br/regioes-atendidas/salvador-ba-brasil-wk2quqgwk6
DF,Brasilia,https://www.quintoandar.com.br/regioes-atendidas/brasilia-df-brasil-6knguxvxp2
GO,Aparecida De Goiania,https://www.quintoandar.com.br/regioes-atendidas/aparecida-de-goiania-go-brasil-0d79u8r0kj
GO,Goiania,https://www.quintoandar.com.br/regioes-atendidas/goiania-go-brasil-9pm6u5ywdn
